,rule_count,avg_support,avg_confidence,avg_lift
Corruption,3.0,0.10666666666666667,0.5373482726423903,1.5804360960070303
Policy,7.0,0.10857142857142857,0.5276426360017691,1.5788416759892812
Illegal_Lumbering,3.0,0.11,0.5,1.5012254901960784
Rainfall,1.0,0.12,0.5,1.4705882352941175
CO2,0.0,0.0,0.0,0.0
Population,0.0,0.0,0.0,0.0
Agriculture,0.0,0.0,0.0,0.0
GDP,0.0,0.0,0.0,0.0
Aid,0.0,0.0,0.0,0.0
Protected_Area,0.0,0.0,0.0,0.0
